{
  "overall_success": true,
  "detailed_results": {
    "multi_particle_test": {
      "ring": {
        "momentum_change": 44760.77556421197,
        "energy_change": 0.013908147811889648,
        "max_force": 4476077556421.196,
        "particles": 6
      },
      "collision": {
        "momentum_change": 2498876.112573154,
        "energy_change": 112.8232202231884,
        "max_force": 249887611257315.38,
        "particles": 6
      },
      "random": {
        "momentum_change": 78953.46928601842,
        "energy_change": -12.971547245979309,
        "max_force": 7895346928601.842,
        "particles": 6
      }
    },
    "energy_conservation_test": {
      "initial_energy": 337320812.44950396,
      "final_energy": 337311667.226841,
      "energy_drift": -2.7111350161218826e-05,
      "momentum_drift": 1.8783788690189291,
      "angular_momentum_drift": 0.1543502204322216,
      "integration_steps": 100,
      "energy_history": [
        337320812.44950396,
        337320812.44961524,
        337320808.5771955,
        337320779.79504436,
        337320726.9217702,
        337320651.1349746,
        337320553.92274266,
        337320437.0247382,
        337320302.3672552,
        337320151.996637,
        337319988.0150748,
        337319812.5220594,
        337319627.5638243,
        337319435.0921426,
        337319236.932933,
        337319034.76438606,
        337318830.1037713,
        337318624.30174077,
        337318418.54277766,
        337318213.8504182,
        337318011.09595835,
        337317811.00950325,
        337317614.1924004,
        337317421.1302843,
        337317232.2061402,
        337317047.71295476,
        337316867.86565715,
        337316692.8121641,
        337316522.64343,
        337316357.4024659,
        337316197.0923403,
        337316041.68320525,
        337315891.11841154,
        337315745.3197896,
        337315604.1921759,
        337315467.627267,
        337315335.50687885,
        337315207.7056862,
        337315084.09350955,
        337314964.53721094,
        337314848.90225464,
        337314737.0539812,
        337314628.8586375,
        337314524.1842009,
        337314422.90102917,
        337314324.88236475,
        337314230.00471705,
        337314138.1481436,
        337314049.1964467,
        337313963.03730196,
        337313879.5623292,
        337313798.6671183,
        337313720.25121766,
        337313644.2180928,
        337313570.47506225,
        337313498.93321484,
        337313429.5073132,
        337313362.1156873,
        337313296.6801206,
        337313233.1257311,
        337313171.38085,
        337313111.37689877,
        337313053.0482662,
        337312996.33218664,
        337312941.16862047,
        337312887.5001363,
        337312835.27179676,
        337312784.43104744,
        337312734.9276094,
        337312686.7133758,
        337312639.7423118,
        337312593.97035897,
        337312549.3553434,
        337312505.8568877,
        337312463.43632686,
        337312422.0566281,
        337312381.6823141,
        337312342.2793899,
        337312303.81527346,
        337312266.2587291,
        337312229.5798047,
        337312193.7497716,
        337312158.7410672,
        337312124.5272411,
        337312091.0829036,
        337312058.3836761,
        337312026.406145,
        337311995.12781733,
        337311964.5270787,
        337311934.5831531,
        337311905.2760654,
        337311876.5866047,
        337311848.4962905,
        337311820.98733985,
        337311794.04263663,
        337311767.64570177,
        337311741.7806656,
        337311716.432241,
        337311691.5856983,
        337311667.226841
      ],
      "momentum_history": [
        6.319492625256256e-12,
        4.1740258326821776e-12,
        4.290077928115626e-12,
        3.637978807091713e-12,
        4.092726157978177e-12,
        3.637978807091713e-12,
        7.275957614183426e-12,
        4.067383956680332e-12,
        5.823607568738997e-12,
        6.366462912410498e-12,
        3.637978807091713e-12,
        5.4569682106375694e-12,
        0.0,
        1.8189894035458565e-12,
        5.4569682106375694e-12,
        3.637978807091713e-12,
        0.0,
        0.0,
        9.094947017729282e-12,
        1.3116919128020487e-11,
        1.0289757937229989e-11,
        9.094947017729282e-12,
        1.0289757937229989e-11,
        1.1647215137477994e-11,
        1.0289757937229989e-11,
        1.0289757937229989e-11,
        1.0289757937229989e-11,
        1.0289757937229989e-11,
        9.094947017729282e-12,
        1.0289757937229989e-11,
        1.3116919128020487e-11,
        1.0289757937229989e-11,
        1.3116919128020487e-11,
        1.3116919128020487e-11,
        1.8189894035458565e-11,
        1.626953582672133e-11,
        2.0579515874459978e-11,
        1.0289757937229989e-11,
        1.3116919128020487e-11,
        1.8189894035458565e-11,
        1.8189894035458565e-11,
        1.626953582672133e-11,
        1.626953582672133e-11,
        1.626953582672133e-11,
        1.0289757937229989e-11,
        1.626953582672133e-11,
        1.626953582672133e-11,
        1.3116919128020487e-11,
        1.626953582672133e-11,
        1.626953582672133e-11,
        1.3116919128020487e-11,
        1.8189894035458565e-11,
        2.0579515874459978e-11,
        1.8189894035458565e-11,
        1.3116919128020487e-11,
        2.0579515874459978e-11,
        1.626953582672133e-11,
        1.0289757937229989e-11,
        1.626953582672133e-11,
        1.3116919128020487e-11,
        1.3116919128020487e-11,
        1.3116919128020487e-11,
        1.0289757937229989e-11,
        1.626953582672133e-11,
        1.3116919128020487e-11,
        2.0579515874459978e-11,
        2.0579515874459978e-11,
        1.8189894035458565e-11,
        1.3116919128020487e-11,
        1.626953582672133e-11,
        1.0289757937229989e-11,
        1.8189894035458565e-11,
        2.0579515874459978e-11,
        2.0579515874459978e-11,
        1.3116919128020487e-11,
        1.626953582672133e-11,
        1.0289757937229989e-11,
        1.8189894035458565e-11,
        1.0289757937229989e-11,
        1.3116919128020487e-11,
        2.0579515874459978e-11,
        1.8189894035458565e-11,
        1.626953582672133e-11,
        1.3116919128020487e-11,
        1.626953582672133e-11,
        2.0579515874459978e-11,
        2.0579515874459978e-11,
        1.626953582672133e-11,
        1.626953582672133e-11,
        1.8189894035458565e-11,
        2.0579515874459978e-11,
        1.8189894035458565e-11,
        2.0579515874459978e-11,
        1.626953582672133e-11,
        1.626953582672133e-11,
        1.8189894035458565e-11,
        2.0579515874459978e-11,
        1.8189894035458565e-11,
        1.8189894035458565e-11,
        1.8189894035458565e-11
      ]
    },
    "relativistic_validation_test": {
      "0.938": {
        "gamma_factor": 0.9996802728338485,
        "beta_factor": NaN,
        "adaptive_timestep": 0.0001,
        "mass_energy_invariant": [
          NaN,
          NaN
        ],
        "integration_success": true,
        "description": "Rest energy"
      },
      "1.0": {
        "gamma_factor": 1.065757220505169,
        "beta_factor": 0.3458223676976379,
        "adaptive_timestep": 0.0001,
        "mass_energy_invariant": [
          89875458.0771069,
          89875458.0771069
        ],
        "integration_success": true,
        "description": "1 GeV"
      },
      "10.0": {
        "gamma_factor": 10.65757220505169,
        "beta_factor": 0.9955882337090972,
        "adaptive_timestep": 0.0001,
        "mass_energy_invariant": [
          898750222.7434978,
          898750222.7434978
        ],
        "integration_success": true,
        "description": "10 GeV"
      },
      "100.0": {
        "gamma_factor": 106.5757220505169,
        "beta_factor": 0.9999559786865619,
        "adaptive_timestep": 3.299314439995997e-05,